INSERT INTO prisoner (id, noms_id, creation_date, prison_id) VALUES (1, 'G1458GV', '2023-05-17 12:21:44.0', 'MDI');
INSERT INTO prisoner (id, noms_id, creation_date, prison_id) VALUES (2, 'G6628UE', '2023-05-17 12:21:44.0', 'MDI');
INSERT INTO prisoner (id, noms_id, creation_date, prison_id) VALUES (3, 'G6335VX', '2023-05-17 12:21:44.0', 'MDI');
INSERT INTO prisoner (id, noms_id, creation_date, prison_id) VALUES (4, 'G6933GF', '2023-05-17 12:21:44.0', 'MDI');
INSERT INTO prisoner (id, noms_id, creation_date, prison_id) VALUES (5, 'A8339DY', '2023-05-17 12:21:44.0', 'MDI');
INSERT INTO prisoner (id, noms_id, creation_date, prison_id) VALUES (6, 'A8132DY', '2023-05-17 12:21:44.0', 'MDI');
INSERT INTO prisoner (id, noms_id, creation_date, prison_id) VALUES (7, 'A8258DY', '2023-05-17 12:21:44.0', 'MDI');
INSERT INTO prisoner (id, noms_id, creation_date, prison_id) VALUES (8, 'A8257DY', '2023-05-17 12:21:44.0', 'MDI');
INSERT INTO prisoner (id, noms_id, creation_date, prison_id) VALUES (9, 'A8314DY', '2023-05-17 12:21:44.0', 'MDI');
INSERT INTO prisoner (id, noms_id, creation_date, prison_id) VALUES (10, 'A8229DY', '2023-05-17 12:21:44.0', 'MDI');

INSERT INTO pathway_status (id, prisoner_id, pathway, status, updated_date) VALUES (1, 1, 'ACCOMMODATION', 'NOT_STARTED', '2023-05-17 12:21:44.0');
INSERT INTO pathway_status (id, prisoner_id, pathway, status, updated_date) VALUES (2, 1, 'ATTITUDES_THINKING_AND_BEHAVIOUR', 'IN_PROGRESS', '2023-05-18 12:21:44.0');
INSERT INTO pathway_status (id, prisoner_id, pathway, status, updated_date) VALUES (3, 1, 'CHILDREN_FAMILIES_AND_COMMUNITY', 'SUPPORT_NOT_REQUIRED', '2023-05-19 12:21:44.0');
INSERT INTO pathway_status (id, prisoner_id, pathway, status, updated_date) VALUES (4, 1, 'DRUGS_AND_ALCOHOL', 'SUPPORT_DECLINED', '2023-05-20 12:21:44.0');
INSERT INTO pathway_status (id, prisoner_id, pathway, status, updated_date) VALUES (5, 1, 'EDUCATION_SKILLS_AND_WORK', 'DONE', '2023-05-21 12:21:44.0');
INSERT INTO pathway_status (id, prisoner_id, pathway, status, updated_date) VALUES (6, 1, 'FINANCE_AND_ID', 'NOT_STARTED', '2023-05-22 12:21:44.0');
INSERT INTO pathway_status (id, prisoner_id, pathway, status, updated_date) VALUES (7, 1, 'HEALTH', 'IN_PROGRESS', '2023-05-23 12:21:44.0');
INSERT INTO pathway_status (id, prisoner_id, pathway, status, updated_date) VALUES (8, 2, 'ACCOMMODATION', 'SUPPORT_NOT_REQUIRED', '2023-05-24 12:21:44.0');
INSERT INTO pathway_status (id, prisoner_id, pathway, status, updated_date) VALUES (9, 2, 'ATTITUDES_THINKING_AND_BEHAVIOUR', 'SUPPORT_DECLINED', '2023-05-25 12:21:44.0');
INSERT INTO pathway_status (id, prisoner_id, pathway, status, updated_date) VALUES (10, 2,'CHILDREN_FAMILIES_AND_COMMUNITY', 'DONE', '2023-05-26 12:21:44.0');
INSERT INTO pathway_status (id, prisoner_id, pathway, status, updated_date) VALUES (11, 2,'DRUGS_AND_ALCOHOL', 'NOT_STARTED', '2023-05-27 12:21:44.0');
INSERT INTO pathway_status (id, prisoner_id, pathway, status, updated_date) VALUES (12, 2,'EDUCATION_SKILLS_AND_WORK', 'IN_PROGRESS', '2023-05-28 12:21:44.0');
INSERT INTO pathway_status (id, prisoner_id, pathway, status, updated_date) VALUES (13, 2,'FINANCE_AND_ID', 'SUPPORT_NOT_REQUIRED', '2023-05-29 12:21:44.0');
INSERT INTO pathway_status (id, prisoner_id, pathway, status, updated_date) VALUES (14, 2,'HEALTH', 'SUPPORT_DECLINED', '2023-05-30 12:21:44.0');
INSERT INTO pathway_status (id, prisoner_id, pathway, status, updated_date) VALUES (15, 3, 'ACCOMMODATION', 'DONE', '2023-05-31 12:21:44.0');
INSERT INTO pathway_status (id, prisoner_id, pathway, status, updated_date) VALUES (16, 3, 'ATTITUDES_THINKING_AND_BEHAVIOUR', 'NOT_STARTED', '2023-06-01 12:21:44.0');
INSERT INTO pathway_status (id, prisoner_id, pathway, status, updated_date) VALUES (17, 3, 'CHILDREN_FAMILIES_AND_COMMUNITY', 'IN_PROGRESS', '2023-06-02 12:21:44.0');
INSERT INTO pathway_status (id, prisoner_id, pathway, status, updated_date) VALUES (18, 3, 'DRUGS_AND_ALCOHOL', 'SUPPORT_NOT_REQUIRED', '2023-06-03 12:21:44.0');
INSERT INTO pathway_status (id, prisoner_id, pathway, status, updated_date) VALUES (19, 3, 'EDUCATION_SKILLS_AND_WORK', 'SUPPORT_DECLINED', '2023-06-04 12:21:44.0');
INSERT INTO pathway_status (id, prisoner_id, pathway, status, updated_date) VALUES (20, 3, 'FINANCE_AND_ID', 'DONE', '2023-06-05 12:21:44.0');
INSERT INTO pathway_status (id, prisoner_id, pathway, status, updated_date) VALUES (21, 3, 'HEALTH', 'NOT_STARTED', '2023-06-06 12:21:44.0');
INSERT INTO pathway_status (id, prisoner_id, pathway, status, updated_date) VALUES (22, 4, 'ACCOMMODATION', 'IN_PROGRESS', '2023-06-07 12:21:44.0');
INSERT INTO pathway_status (id, prisoner_id, pathway, status, updated_date) VALUES (23, 4, 'ATTITUDES_THINKING_AND_BEHAVIOUR', 'SUPPORT_NOT_REQUIRED', '2023-06-08 12:21:44.0');
INSERT INTO pathway_status (id, prisoner_id, pathway, status, updated_date) VALUES (24, 4, 'CHILDREN_FAMILIES_AND_COMMUNITY', 'SUPPORT_DECLINED', '2023-06-09 12:21:44.0');
INSERT INTO pathway_status (id, prisoner_id, pathway, status, updated_date) VALUES (25, 4, 'DRUGS_AND_ALCOHOL', 'DONE', '2023-06-10 12:21:44.0');
INSERT INTO pathway_status (id, prisoner_id, pathway, status, updated_date) VALUES (26, 4, 'EDUCATION_SKILLS_AND_WORK', 'NOT_STARTED', '2023-06-11 12:21:44.0');
INSERT INTO pathway_status (id, prisoner_id, pathway, status, updated_date) VALUES (27, 4, 'FINANCE_AND_ID', 'IN_PROGRESS', '2023-06-12 12:21:44.0');
INSERT INTO pathway_status (id, prisoner_id, pathway, status, updated_date) VALUES (28, 4, 'HEALTH', 'SUPPORT_NOT_REQUIRED', '2023-06-13 12:21:44.0');
INSERT INTO pathway_status (id, prisoner_id, pathway, status, updated_date) VALUES (29, 5, 'ACCOMMODATION', 'SUPPORT_DECLINED', '2023-06-14 12:21:44.0');
INSERT INTO pathway_status (id, prisoner_id, pathway, status, updated_date) VALUES (30, 5, 'ATTITUDES_THINKING_AND_BEHAVIOUR', 'DONE', '2023-06-15 12:21:44.0');
INSERT INTO pathway_status (id, prisoner_id, pathway, status, updated_date) VALUES (31, 5, 'CHILDREN_FAMILIES_AND_COMMUNITY', 'NOT_STARTED', '2023-06-16 12:21:44.0');
INSERT INTO pathway_status (id, prisoner_id, pathway, status, updated_date) VALUES (32, 5, 'DRUGS_AND_ALCOHOL', 'IN_PROGRESS', '2023-06-17 12:21:44.0');
INSERT INTO pathway_status (id, prisoner_id, pathway, status, updated_date) VALUES (33, 5, 'EDUCATION_SKILLS_AND_WORK', 'SUPPORT_NOT_REQUIRED', '2023-06-18 12:21:44.0');
INSERT INTO pathway_status (id, prisoner_id, pathway, status, updated_date) VALUES (34, 5, 'FINANCE_AND_ID', 'SUPPORT_DECLINED', '2023-06-19 12:21:44.0');
INSERT INTO pathway_status (id, prisoner_id, pathway, status, updated_date) VALUES (35, 5, 'HEALTH', 'DONE', '2023-06-20 12:21:44.0');
INSERT INTO pathway_status (id, prisoner_id, pathway, status, updated_date) VALUES (36, 6, 'ACCOMMODATION', 'NOT_STARTED', '2023-06-21 12:21:44.0');
INSERT INTO pathway_status (id, prisoner_id, pathway, status, updated_date) VALUES (37, 6, 'ATTITUDES_THINKING_AND_BEHAVIOUR', 'IN_PROGRESS', '2023-06-22 12:21:44.0');
INSERT INTO pathway_status (id, prisoner_id, pathway, status, updated_date) VALUES (38, 6, 'CHILDREN_FAMILIES_AND_COMMUNITY', 'SUPPORT_NOT_REQUIRED', '2023-06-23 12:21:44.0');
INSERT INTO pathway_status (id, prisoner_id, pathway, status, updated_date) VALUES (39, 6, 'DRUGS_AND_ALCOHOL', 'SUPPORT_DECLINED', '2023-06-24 12:21:44.0');
INSERT INTO pathway_status (id, prisoner_id, pathway, status, updated_date) VALUES (40, 6, 'EDUCATION_SKILLS_AND_WORK', 'DONE', '2023-06-25 12:21:44.0');
INSERT INTO pathway_status (id, prisoner_id, pathway, status, updated_date) VALUES (41, 6, 'FINANCE_AND_ID', 'NOT_STARTED', '2023-06-26 12:21:44.0');
INSERT INTO pathway_status (id, prisoner_id, pathway, status, updated_date) VALUES (42, 6, 'HEALTH', 'IN_PROGRESS', '2023-06-27 12:21:44.0');
INSERT INTO pathway_status (id, prisoner_id, pathway, status, updated_date) VALUES (43, 7, 'ACCOMMODATION', 'SUPPORT_NOT_REQUIRED', '2023-06-28 12:21:44.0');
INSERT INTO pathway_status (id, prisoner_id, pathway, status, updated_date) VALUES (44, 7, 'ATTITUDES_THINKING_AND_BEHAVIOUR', 'SUPPORT_DECLINED', '2023-06-29 12:21:44.0');
INSERT INTO pathway_status (id, prisoner_id, pathway, status, updated_date) VALUES (45, 7, 'CHILDREN_FAMILIES_AND_COMMUNITY', 'DONE', '2023-06-30 12:21:44.0');
INSERT INTO pathway_status (id, prisoner_id, pathway, status, updated_date) VALUES (46, 7, 'DRUGS_AND_ALCOHOL', 'NOT_STARTED', '2023-07-01 12:21:44.0');
INSERT INTO pathway_status (id, prisoner_id, pathway, status, updated_date) VALUES (47, 7, 'EDUCATION_SKILLS_AND_WORK', 'IN_PROGRESS', '2023-07-02 12:21:44.0');
INSERT INTO pathway_status (id, prisoner_id, pathway, status, updated_date) VALUES (48, 7, 'FINANCE_AND_ID', 'SUPPORT_NOT_REQUIRED', '2023-07-03 12:21:44.0');
INSERT INTO pathway_status (id, prisoner_id, pathway, status, updated_date) VALUES (49, 7, 'HEALTH', 'SUPPORT_DECLINED', '2023-07-04 12:21:44.0');
INSERT INTO pathway_status (id, prisoner_id, pathway, status, updated_date) VALUES (50, 8, 'ACCOMMODATION', 'DONE', '2023-07-05 12:21:44.0');
INSERT INTO pathway_status (id, prisoner_id, pathway, status, updated_date) VALUES (51, 8, 'ATTITUDES_THINKING_AND_BEHAVIOUR', 'NOT_STARTED', '2023-07-06 12:21:44.0');
INSERT INTO pathway_status (id, prisoner_id, pathway, status, updated_date) VALUES (52, 8, 'CHILDREN_FAMILIES_AND_COMMUNITY', 'IN_PROGRESS', '2023-07-07 12:21:44.0');
INSERT INTO pathway_status (id, prisoner_id, pathway, status, updated_date) VALUES (53, 8, 'DRUGS_AND_ALCOHOL', 'SUPPORT_NOT_REQUIRED', '2023-07-08 12:21:44.0');
INSERT INTO pathway_status (id, prisoner_id, pathway, status, updated_date) VALUES (54, 8, 'EDUCATION_SKILLS_AND_WORK', 'SUPPORT_DECLINED', '2023-07-09 12:21:44.0');
INSERT INTO pathway_status (id, prisoner_id, pathway, status, updated_date) VALUES (55, 8, 'FINANCE_AND_ID', 'DONE', '2023-07-10 12:21:44.0');
INSERT INTO pathway_status (id, prisoner_id, pathway, status, updated_date) VALUES (56, 8, 'HEALTH', 'NOT_STARTED', '2023-07-11 12:21:44.0');
INSERT INTO pathway_status (id, prisoner_id, pathway, status, updated_date) VALUES (57, 9, 'ACCOMMODATION', 'IN_PROGRESS', '2023-07-12 12:21:44.0');
INSERT INTO pathway_status (id, prisoner_id, pathway, status, updated_date) VALUES (58, 9, 'ATTITUDES_THINKING_AND_BEHAVIOUR', 'SUPPORT_NOT_REQUIRED', '2023-07-13 12:21:44.0');
INSERT INTO pathway_status (id, prisoner_id, pathway, status, updated_date) VALUES (59, 9, 'CHILDREN_FAMILIES_AND_COMMUNITY', 'SUPPORT_DECLINED', '2023-07-14 12:21:44.0');
INSERT INTO pathway_status (id, prisoner_id, pathway, status, updated_date) VALUES (60, 9, 'DRUGS_AND_ALCOHOL', 'DONE', '2023-07-15 12:21:44.0');
INSERT INTO pathway_status (id, prisoner_id, pathway, status, updated_date) VALUES (61, 9, 'EDUCATION_SKILLS_AND_WORK', 'NOT_STARTED', '2023-07-16 12:21:44.0');
INSERT INTO pathway_status (id, prisoner_id, pathway, status, updated_date) VALUES (62, 9, 'FINANCE_AND_ID', 'IN_PROGRESS', '2023-07-17 12:21:44.0');
INSERT INTO pathway_status (id, prisoner_id, pathway, status, updated_date) VALUES (63, 9, 'HEALTH', 'SUPPORT_NOT_REQUIRED', '2023-07-18 12:21:44.0');
INSERT INTO pathway_status (id, prisoner_id, pathway, status, updated_date) VALUES (64, 10, 'ACCOMMODATION', 'SUPPORT_DECLINED', '2023-07-19 12:21:44.0');
INSERT INTO pathway_status (id, prisoner_id, pathway, status, updated_date) VALUES (65, 10, 'ATTITUDES_THINKING_AND_BEHAVIOUR', 'DONE', '2023-07-20 12:21:44.0');
INSERT INTO pathway_status (id, prisoner_id, pathway, status, updated_date) VALUES (66, 10, 'CHILDREN_FAMILIES_AND_COMMUNITY', 'NOT_STARTED', '2023-07-21 12:21:44.0');
INSERT INTO pathway_status (id, prisoner_id, pathway, status, updated_date) VALUES (67, 10, 'DRUGS_AND_ALCOHOL', 'IN_PROGRESS', '2023-07-22 12:21:44.0');
INSERT INTO pathway_status (id, prisoner_id, pathway, status, updated_date) VALUES (68, 10, 'EDUCATION_SKILLS_AND_WORK', 'SUPPORT_NOT_REQUIRED', '2023-07-23 12:21:44.0');
INSERT INTO pathway_status (id, prisoner_id, pathway, status, updated_date) VALUES (69, 10, 'FINANCE_AND_ID', 'SUPPORT_DECLINED', '2023-07-24 12:21:44.0');
INSERT INTO pathway_status (id, prisoner_id, pathway, status, updated_date) VALUES (70, 10, 'HEALTH', 'DONE', '2023-07-25 12:21:44.0');

INSERT INTO resettlement_assessment (id, prisoner_id, pathway, assessment_status, assessment_type, assessment, status_changed_to, created_date, created_by)
VALUES(1, 1, 'ACCOMMODATION', 'COMPLETE', 'BCST2', '{"assessment": []}'::jsonb, 'NOT_STARTED', '2023-10-16 12:21:38.709','Prison Officer');
INSERT INTO resettlement_assessment (id, prisoner_id, pathway, assessment_status, assessment_type, assessment, status_changed_to, created_date, created_by)
VALUES(2, 1, 'ATTITUDES_THINKING_AND_BEHAVIOUR', 'COMPLETE', 'BCST2', '{"assessment": []}'::jsonb, 'NOT_STARTED', '2023-10-16 12:21:38.709','Prison Officer');

INSERT INTO resettlement_assessment (id, prisoner_id, pathway, assessment_status, assessment_type, assessment, status_changed_to, created_date, created_by)
VALUES(3, 5, 'ACCOMMODATION', 'SUBMITTED', 'BCST2', '{"assessment": []}'::jsonb, 'NOT_STARTED', '2023-10-16 12:21:38.709','Prison Officer');
INSERT INTO resettlement_assessment (id, prisoner_id, pathway, assessment_status, assessment_type, assessment, status_changed_to, created_date, created_by)
VALUES(4, 5, 'ATTITUDES_THINKING_AND_BEHAVIOUR', 'SUBMITTED', 'BCST2', '{"assessment": []}'::jsonb, 'NOT_STARTED', '2023-10-16 12:21:38.709','Prison Officer');
INSERT INTO resettlement_assessment (id, prisoner_id, pathway, assessment_status, assessment_type, assessment, status_changed_to, created_date, created_by)
VALUES(5, 5, 'CHILDREN_FAMILIES_AND_COMMUNITY', 'SUBMITTED', 'BCST2', '{"assessment": []}'::jsonb, 'NOT_STARTED', '2023-10-16 12:21:38.709','Prison Officer');
INSERT INTO resettlement_assessment (id, prisoner_id, pathway, assessment_status, assessment_type, assessment, status_changed_to, created_date, created_by)
VALUES(6, 5, 'DRUGS_AND_ALCOHOL', 'SUBMITTED', 'BCST2', '{"assessment": []}'::jsonb, 'NOT_STARTED', '2023-10-16 12:21:38.709','Prison Officer');
INSERT INTO resettlement_assessment (id, prisoner_id, pathway, assessment_status, assessment_type, assessment, status_changed_to, created_date, created_by)
VALUES(7, 5, 'EDUCATION_SKILLS_AND_WORK', 'SUBMITTED', 'BCST2', '{"assessment": []}'::jsonb, 'NOT_STARTED', '2023-10-16 12:21:38.709','Prison Officer');
INSERT INTO resettlement_assessment (id, prisoner_id, pathway, assessment_status, assessment_type, assessment, status_changed_to, created_date, created_by)
VALUES(8, 5, 'FINANCE_AND_ID', 'SUBMITTED', 'BCST2', '{"assessment": []}'::jsonb, 'NOT_STARTED', '2023-10-16 12:21:38.709','Prison Officer');
INSERT INTO resettlement_assessment (id, prisoner_id, pathway, assessment_status, assessment_type, assessment, status_changed_to, created_date, created_by)
VALUES(9, 5, 'HEALTH', 'SUBMITTED', 'BCST2', '{"assessment": []}'::jsonb, 'NOT_STARTED', '2023-10-16 12:21:38.709','Prison Officer');

INSERT INTO case_allocation (id, prisoner_id, staff_id, staff_firstname, staff_lastname, is_deleted, when_created, deleted_at) VALUES (1, 10, 456769, 'PSO1 Firstname', 'PSO1 Lastname', false,  '2023-05-17 16:21:44.0',  null);
INSERT INTO case_allocation (id, prisoner_id, staff_id, staff_firstname, staff_lastname, is_deleted, when_created, deleted_at) VALUES (2, 9, 456779, 'PSO2 Firstname', 'PSO2 Lastname', false,  '2023-05-17 15:21:44.0',  null);
INSERT INTO case_allocation (id, prisoner_id, staff_id, staff_firstname, staff_lastname, is_deleted, when_created, deleted_at) VALUES (3, 8, 456789, 'PSO3 Firstname', 'PSO3 Lastname', false,  '2023-05-17 14:21:44.0',  null);
INSERT INTO case_allocation (id, prisoner_id, staff_id, staff_firstname, staff_lastname, is_deleted, when_created, deleted_at) VALUES (4, 7, 456799, 'PSO4 Firstname', 'PSO4 Lastname', false,  '2023-05-17 12:21:44.0',  null);
INSERT INTO case_allocation (id, prisoner_id, staff_id, staff_firstname, staff_lastname, is_deleted, when_created, deleted_at) VALUES (5, 6, 456799, 'PSO5 Firstname', 'PSO5 Lastname', false,  '2023-05-17 13:21:44.0',  null);
